Strategy,Beta,Theta,Total Loss,Avg Payoff Range
random,862.5510655846487,0.01,3335115221.769642,2939 - 9962
ascending,1.0,0.01,771952771.0144627,0 - 1619
descending,5000.0,0.99,526129157774.22296,42436 - 282959
