Strategy,Beta,Theta,Total Loss,Avg Payoff Range
random,3648.063224536267,0.6768584376407946,3314570584.116237,1202 - 9156
ascending,1.0,0.01,101513165.9814567,0 - 1619
descending,5000.0,0.99,526129157774.22296,42436 - 282959
